# metric_direction: higher_is_better  (top-32 attention overlap, per-token K, <=2.5 eff bits)
# baseline refs (per-channel, ceiling): tern 0.7741 / sign 0.7320 / KIVI-uni2 0.7211
iteration	timestamp	commit	metric	delta	guard	guard-metric	status	description
0	2026-06-19T10:09:57	-	0.4609	0.0	pass	2.5	baseline	pt/nf2 Lloyd (best per-token baseline); sign 0.213 uni2 0.259 nf2fix 0.366
1	2026-06-19T10:11:36	02938d4	0.5113	+0.0504	pass	2.5	keep	Hadamard rot + per-token: nf2Lloyd 0.461->0.511, nf2fix 0.366->0.491; rot HURTS sign 0.213->0.170
2	2026-06-19T10:13:30	185aaa2	0.5372	+0.0259	pass	2.5	keep	smooth+had additive: smooth+had+Lloyd 0.537, smooth alone 0.501; NMSE 0.097->0.077
3	2026-06-19T10:16:08	aa5489b	0.5559	+0.0187	pass	2.469	keep	outlier isolation strongest: keep top-1 chan fp16 + per-tok Lloyd 0.556@2.47b; subgroup post-had no help
4	2026-06-19T10:17:50	53853b6	0.6042	+0.0483	pass	2.469	keep	smooth+outlier1+Lloyd 0.604; outlier2-int8 0.598; more outliers->higher (outlier3 0.627 but 2.53b over)
5	2026-06-19T10:19:39	672e868	0.6802	+0.0760	pass	2.375	keep	more outliers @ lower bits wins: smooth+top4@4bit 0.680@2.375b > top1@fp16; NMSE 0.051~per-chan
6	2026-06-19T10:21:53	aac4778	0.7168	+0.0366	pass	2.500	keep	sweet spot top-8@4bit: 0.717@2.5b NMSE 0.042; k=16@2bit drops to 0.557 (optimum ~k8); 92.6% of per-chan ceiling
7	2026-06-19T10:24:19	ceda4c0	0.7168	+0.0000	pass	2.500	discard	sigma2-selection 0.527 << amax 0.717: confirms isolate PEAK-magnitude (shared-scale dominators); champion holds, converged
